<databaseChangeLog
        xmlns="http://www.liquibase.org/xml/ns/dbchangelog"
        xmlns:xsi="http://www.w3.org/2001/XMLSchema-instance"
        xsi:schemaLocation="http://www.liquibase.org/xml/ns/dbchangelog http://www.liquibase.org/xml/ns/dbchangelog/dbchangelog-4.3.xsd">

    <changeSet id="6" author="ad942c">
        <createTable tableName="PA_CATEGORY_FORM">
            <column name="CATEGORY_ID" type="int"/>
            <column name="CATEGORY_FORM_ID" type="int" autoIncrement="true">
                <constraints primaryKey="true" nullable="false"/>
            </column>


            <column name="CATEGORY_FORM_NAME" type="varchar(255)"/>
            <column name="CATEGORY_FORM_NAME_DESC" type="varchar(255)"/>



            <column name="IS_ACTIVE" type="boolean"/>
            <column name="CREATED_BY" type="varchar(50)"/>
            <column name="MODIFIED_BY" type="varchar(50)"/>
            <column name="CREATED_DT" type="DATETIME"/>
            <column name="MODIFIED_DT" type="DATETIME"/>

        </createTable>
    </changeSet>


</databaseChangeLog>