<databaseChangeLog
        xmlns="http://www.liquibase.org/xml/ns/dbchangelog"
        xmlns:xsi="http://www.w3.org/2001/XMLSchema-instance"
        xsi:schemaLocation="http://www.liquibase.org/xml/ns/dbchangelog http://www.liquibase.org/xml/ns/dbchangelog/dbchangelog-4.3.xsd">

    <changeSet id="4" author="ad942c">
        <createTable tableName="PA_CATEGORY">

            <column name="CATEGORY_ID" type="int" autoIncrement="true">
                <constraints primaryKey="true" nullable="false"/>
            </column>
            <column name="CATEGORY_NAME" type="varchar(50)"/>
            <column name="CATEGORY_DESC" type="varchar(50)"/>

            <column name="IS_ACTIVE" type="boolean"/>
            <column name="CREATED_BY" type="varchar(50)"/>
            <column name="MODIFIED_BY" type="varchar(50)"/>
            <column name="CREATED_DT" type="DATETIME"/>
            <column name="MODIFIED_DT" type="DATETIME"/>

        </createTable>
    </changeSet>


</databaseChangeLog>