<databaseChangeLog
        xmlns="http://www.liquibase.org/xml/ns/dbchangelog"
        xmlns:xsi="http://www.w3.org/2001/XMLSchema-instance"
        xsi:schemaLocation="http://www.liquibase.org/xml/ns/dbchangelog http://www.liquibase.org/xml/ns/dbchangelog/dbchangelog-4.3.xsd">

    <changeSet id="14" author="ad942c">


        <insert tableName="PA_CATEGORY_FORM_DATA">

            <column name="CATEGORY_ID" value="1"/>
            <column name="CATEGORY_NAME" value="EMP_DATA"/>
            <column name="CATEGORY_FORM_DATA_ID" value="1"/>
                <column name="CATEGORY_FORM_DATA">
                    <![CDATA[{"Mobile": 9650100178,"name": "Anurag","SID": "V657588","ZOOM": "guptaanurag"}]]>
                </column>



            <column name="CREATED_BY" value="AG942C"/>
            <column name="MODIFIED_BY" value="RG942C"/>
        </insert>

        <insert tableName="PA_CATEGORY_FORM_DATA">

            <column name="CATEGORY_ID" value="1"/>
            <column name="CATEGORY_NAME" value="EMP_DATA"/>
            <column name="CATEGORY_FORM_DATA_ID" value="2"/>
            <column name="CATEGORY_FORM_DATA">
                <![CDATA[{"Mobile": 9650100179,"name": "Rahul","SID": "R657588","ZOOM": "Rguptaanurag"}]]>
            </column>

            <column name="CREATED_BY" value="AG942C"/>
            <column name="MODIFIED_BY" value="RG942C"/>
        </insert>

        <insert tableName="PA_CATEGORY_FORM_DATA">

            <column name="CATEGORY_ID" value="1"/>
            <column name="CATEGORY_NAME" value="EMP_DATA"/>
            <column name="CATEGORY_FORM_DATA_ID" value="3"/>
            <column name="CATEGORY_FORM_DATA">
                <![CDATA[{"Mobile": 9650100172,"name": "Peeyus","SID": "P657588","ZOOM": "Pguptaanurag"}]]>
            </column>
            <column name="CREATED_BY" value="AG942C"/>
            <column name="MODIFIED_BY" value="RG942C"/>
        </insert>

        <rollback/>
    </changeSet>


</databaseChangeLog>