<databaseChangeLog
        xmlns="http://www.liquibase.org/xml/ns/dbchangelog"
        xmlns:xsi="http://www.w3.org/2001/XMLSchema-instance"
        xsi:schemaLocation="http://www.liquibase.org/xml/ns/dbchangelog http://www.liquibase.org/xml/ns/dbchangelog/dbchangelog-4.3.xsd">

    <changeSet id="14" author="ad942c">


        <insert tableName="PA_CATEGORY">

            <column name="CATEGORY_ID" value="1"/>
            <column name="CATEGORY_NAME" value="EMP Data"/>
            <column name="CATEGORY_DESC" value="EMP Data "/>

            <column name="CREATED_BY" value="AG942C"/>
            <column name="MODIFIED_BY" value="RG942C"/>
        </insert>

        <insert tableName="PA_CATEGORY">

            <column name="CATEGORY_ID" value="2"/>
            <column name="CATEGORY_NAME" value="CARTRIDGE POINTS"/>
            <column name="CATEGORY_DESC" value="CARTRIDGE POINTS "/>

            <column name="CREATED_BY" value="AG942C"/>
            <column name="MODIFIED_BY" value="RG942C"/>
        </insert>

        <insert tableName="PA_CATEGORY">

            <column name="CATEGORY_ID" value="3"/>
            <column name="CATEGORY_NAME" value="GIT"/>
            <column name="CATEGORY_DESC" value="GIT "/>

            <column name="CREATED_BY" value="AG942C"/>
            <column name="MODIFIED_BY" value="RG942C"/>
        </insert>

        <rollback/>
    </changeSet>


</databaseChangeLog>