<databaseChangeLog
        xmlns="http://www.liquibase.org/xml/ns/dbchangelog"
        xmlns:xsi="http://www.w3.org/2001/XMLSchema-instance"
        xsi:schemaLocation="http://www.liquibase.org/xml/ns/dbchangelog http://www.liquibase.org/xml/ns/dbchangelog/dbchangelog-4.3.xsd">

    <changeSet id="14" author="ad942c">


        <insert tableName="PA_CATEGORY_FORM">

            <column name="CATEGORY_ID" value="1"/>
            <column name="CATEGORY_FORM_ID" value="1"/>

            <column name="CATEGORY_FORM_NAME" value="Mobile"/>
            <column name="CATEGORY_FORM_NAME_DESC" value="Mobile "/>

            <column name="CREATED_BY" value="AG942C"/>
            <column name="MODIFIED_BY" value="RG942C"/>
        </insert>
        <insert tableName="PA_CATEGORY_FORM">

            <column name="CATEGORY_ID" value="1"/>
            <column name="CATEGORY_FORM_ID" value="2"/>
            <column name="CATEGORY_FORM_NAME" value="PROD_CLIENTS"/>
            <column name="CATEGORY_FORM_NAME_DESC" value="Name"/>

            <column name="CREATED_BY" value="AG942C"/>
            <column name="MODIFIED_BY" value="RG942C"/>
        </insert>

        <insert tableName="PA_CATEGORY_FORM">

            <column name="CATEGORY_ID" value="1"/>
            <column name="CATEGORY_FORM_ID" value="3"/>
            <column name="CATEGORY_FORM_NAME" value="SID"/>
            <column name="CATEGORY_FORM_NAME_DESC" value="SID"/>

            <column name="CREATED_BY" value="AG942C"/>
            <column name="MODIFIED_BY" value="RG942C"/>
        </insert>

        <insert tableName="PA_CATEGORY_FORM">

            <column name="CATEGORY_ID" value="1"/>
            <column name="CATEGORY_FORM_ID" value="4"/>
            <column name="CATEGORY_FORM_NAME" value="ZOOM"/>
            <column name="CATEGORY_FORM_NAME_DESC" value="ZOOM"/>

            <column name="CREATED_BY" value="AG942C"/>
            <column name="MODIFIED_BY" value="RG942C"/>
        </insert>

        <insert tableName="PA_CATEGORY_FORM">

            <column name="CATEGORY_ID" value="2"/>
            <column name="CATEGORY_FORM_ID" value="5"/>
            <column name="CATEGORY_FORM_NAME" value="CART_NAME"/>
            <column name="CATEGORY_FORM_NAME_DESC" value="CART_NAME"/>

            <column name="CREATED_BY" value="AG942C"/>
            <column name="MODIFIED_BY" value="RG942C"/>
        </insert>
        <rollback/>
    </changeSet>


</databaseChangeLog>